Admin_ID,First_name,Last_name,Username,Password,Email_address
1,Joan,Muli,Joan,Jmuli@oan,joan.muli@kalawahealthcenter.org
2,Amos,Mweu,Amos,Amweu@#mos,amos.mweu@kalawahealthcenter.org
3,Ian,Waweru,Ian,Ian@$waweru,ian.waweru@kalawahealthcenter.org
4,Purity,Chebet,Chebet,Chebet!@purity,purity.chebet@kalawahealthcenter.org
5,Isaac,Otieno,Isaac,Otieno@#isaac,isaac.otieno@kalawahealthcenter.org
